index,period,heading,context,question,extractive answer,abstractive answer
8000,Giai đoạn 1954 -1975,Kết luận giai đoạn 1954 - 1975,"Trong cuộc kháng chiến chống Mỹ, cứu nước, chủ nghĩa yêu nước và truyền thống cả nước đánh giặc đã được phát huy tới đỉnh cao. Tinh thần yêu nước của đồng bào và chiến sĩ ở các vùng giải phóng cũng như ở các vùng địch kiểm soát ở miền Nam là cơ sở vững chắc để xây dựng và phát triển lực lượng cách mạng, xây dựng hậu phương tại chỗ miền Nam.",Cơ sở vững chắc để xây dựng hậu phương tại chỗ miền Nam?,Tinh thần yêu nước của đồng bào và chiến sĩ ở các vùng giải phóng cũng như ở các vùng địch kiểm soát ở miền Nam.,Tinh thần yêu nước của đồng bào và chiến sĩ ở cả vùng giải phóng và vùng địch kiểm soát ở miền Nam.
8001,Giai đoạn 1954 -1975,Kết luận giai đoạn 1954 - 1975,"Hậu phương miền Bắc và hậu phương tại chỗ miền Nam đã tạo điều kiện cho Đảng Cộng sản Việt Nam tiến hành cuộc chiến tranh nhân dân, toàn dân, toàn diện. Cuộc chiến tranh nhân dân được phát triển lên tới trình độ cao ở cả hai miền Nam - Bắc đã góp phần đánh bại cuộc chiến tranh xâm lược thực dân mới của Mỹ ở miền Nam và cuộc chiến tranh phá hoại ở miền Bắc, tạo nên bước ngoặt cho cuộc kháng chiến chống Mỹ, cứu nước.",Hậu phương hai miền đã tạo điều kiện gì cho Đảng?,"Tiến hành cuộc chiến tranh nhân dân, toàn dân, toàn diện.","Tiến hành cuộc chiến tranh nhân dân, toàn dân và toàn diện."
8002,Giai đoạn 1954 -1975,Kết luận giai đoạn 1954 - 1975,"Hậu phương miền Bắc và hậu phương tại chỗ miền Nam đã tạo điều kiện cho Đảng Cộng sản Việt Nam tiến hành cuộc chiến tranh nhân dân, toàn dân, toàn diện. Cuộc chiến tranh nhân dân được phát triển lên tới trình độ cao ở cả hai miền Nam - Bắc đã góp phần đánh bại cuộc chiến tranh xâm lược thực dân mới của Mỹ ở miền Nam và cuộc chiến tranh phá hoại ở miền Bắc, tạo nên bước ngoặt cho cuộc kháng chiến chống Mỹ, cứu nước.",Kết quả của cuộc chiến tranh nhân dân?,"Đánh bại cuộc chiến tranh xâm lược thực dân mới của Mỹ ở miền Nam và cuộc chiến tranh phá hoại ở miền Bắc, tạo nên bước ngoặt cho cuộc kháng chiến chống Mỹ, cứu nước.","Đánh bại chiến tranh xâm lược của Mỹ ở miền Nam và chiến tranh phá hoại ở miền Bắc, tạo bước ngoặt cho kháng chiến chống Mỹ."
8003,Giai đoạn 1954 -1975,Kết luận giai đoạn 1954 - 1975,"Trong cuộc kháng chiến chống Mỹ, cứu nước, cùng với việc chăm lo xây dựng lực lượng, xây dựng hậu phương, xây dựng chế độ mới, Đảng Cộng sản Việt Nam rất quan tâm đến việc xây dựng, cùng cố và mở rộng mặt trận dân tộc thong nhất. Với đường lối giương cao ngọn cờ độc lập dân tộc và chủ nghĩa xã hội, với các chủ trương, chính sách hợp với lòng dân, đáp ứng yêu cầu của cuộc kháng chiến và với các hình thức tập hợp quần chúng đa dạng, phong phú, Đảng đã huy động được mọi tầng lớp nhân dần vào Mặt trận Tổ quốc Việt Nam và Mặt trận Dân tộc giải phóng miền Nam.","Ngoài xây dựng lực lượng và hậu phương, Đảng còn quan tâm đến điều gì?","Xây dựng, cùng cố và mở rộng mặt trận dân tộc thong nhất.","Xây dựng, củng cố và mở rộng mặt trận dân tộc thống nhất."
8004,Giai đoạn 1954 -1975,Kết luận giai đoạn 1954 - 1975,"Trong cuộc kháng chiến chống Mỹ, cứu nước, cùng với việc chăm lo xây dựng lực lượng, xây dựng hậu phương, xây dựng chế độ mới, Đảng Cộng sản Việt Nam rất quan tâm đến việc xây dựng, cùng cố và mở rộng mặt trận dân tộc thong nhất. Với đường lối giương cao ngọn cờ độc lập dân tộc và chủ nghĩa xã hội, với các chủ trương, chính sách hợp với lòng dân, đáp ứng yêu cầu của cuộc kháng chiến và với các hình thức tập hợp quần chúng đa dạng, phong phú, Đảng đã huy động được mọi tầng lớp nhân dần vào Mặt trận Tổ quốc Việt Nam và Mặt trận Dân tộc giải phóng miền Nam.",Đảng đã huy động nhân dân vào mặt trận bằng cách nào?,"Với đường lối giương cao ngọn cờ độc lập dân tộc và chủ nghĩa xã hội, với các chủ trương, chính sách hợp với lòng dân, đáp ứng yêu cầu của cuộc kháng chiến và với các hình thức tập hợp quần chúng đa dạng, phong phú.","Bằng đường lối độc lập dân tộc và chủ nghĩa xã hội, chủ trương chính sách hợp lòng dân, đáp ứng yêu cầu kháng chiến và hình thức tập hợp quần chúng đa dạng."
8005,Giai đoạn 1954 -1975,Kết luận giai đoạn 1954 - 1975,"Trong cuộc kháng chiến chống Mỹ, cứu nước, cùng với việc chăm lo xây dựng lực lượng, xây dựng hậu phương, xây dựng chế độ mới, Đảng Cộng sản Việt Nam rất quan tâm đến việc xây dựng, cùng cố và mở rộng mặt trận dân tộc thong nhất. Với đường lối giương cao ngọn cờ độc lập dân tộc và chủ nghĩa xã hội, với các chủ trương, chính sách hợp với lòng dân, đáp ứng yêu cầu của cuộc kháng chiến và với các hình thức tập hợp quần chúng đa dạng, phong phú, Đảng đã huy động được mọi tầng lớp nhân dần vào Mặt trận Tổ quốc Việt Nam và Mặt trận Dân tộc giải phóng miền Nam.",Các tổ chức mặt trận tiêu biểu?,Mặt trận Tổ quốc Việt Nam và Mặt trận Dân tộc giải phóng miền Nam.,Mặt trận Tổ quốc Việt Nam và Mặt trận Dân tộc giải phóng miền Nam.
8006,Giai đoạn 1954 -1975,Kết luận giai đoạn 1954 - 1975,"Chưa bao giờ khối đại đoàn kết dân tộc lại được củng cố và mờ rộng như trong thời kỳ kháng chiến chống Mỹ, cứu nước. Đó là một nhân tố quyết định thắng lợi của cuộc kháng chiến chống Mỹ, cứu nước.",Sự củng cố khối đại đoàn kết dân tộc trong kháng chiến chống Mỹ?,"Chưa bao giờ được củng cố và mờ rộng như trong thời kỳ kháng chiến chống Mỹ, cứu nước.",Được củng cố và mở rộng chưa từng có.
8007,Giai đoạn 1954 -1975,Kết luận giai đoạn 1954 - 1975,"Chưa bao giờ khối đại đoàn kết dân tộc lại được củng cố và mờ rộng như trong thời kỳ kháng chiến chống Mỹ, cứu nước. Đó là một nhân tố quyết định thắng lợi của cuộc kháng chiến chống Mỹ, cứu nước.",Vai trò của khối đại đoàn kết dân tộc đối với thắng lợi?,Một nhân tố quyết định thắng lợi.,Một nhân tố quyết định thắng lợi.
8008,Giai đoạn 1954 -1975,Kết luận giai đoạn 1954 - 1975,"V ề cách mạng miền Nam Việt Nam, nêu cao tinh thần độc lập, tự chủ, sáng tạo vừa tuân theo những nguyên lý cùa chủ nghĩa Mác - Lênin, vừa dựa vào kinh nghiệm và thực tiễn của Việt Nam và cũng phải trải qua một quá trình tìm tòi, thử nghiệm, Đảng Cộng sản Việt Nam mới hoàn chinh đường lối, phương pháp cách mạng miền Nam mà Nghị quyết 15 (năm 1959) cùa Bail Chấp hành Trung ương là sự thể hiện tập trung nhất. Nghị quyết 15 của Ban Chấp hành Trung ương đã đánh dấu một mốc quan trọng và có ý nghĩa vô cùng lớn lao trong sự phát triển của cách mạng miền Nam và tạo nên một sự chuyển biến căn bản và nhảy vọt của phong trào cách mạng miền Nam trong những năm 1954-1960, mà đinh cao là phong trào Đồng Khởi.",Đường lối cách mạng miền Nam được hình thành như thế nào?,"Nêu cao tinh thần độc lập, tự chủ, sáng tạo vừa tuân theo những nguyên lý cùa chủ nghĩa Mác - Lênin, vừa dựa vào kinh nghiệm và thực tiễn của Việt Nam và cũng phải trải qua một quá trình tìm tòi, thử nghiệm.","Nêu cao tinh thần độc lập, tự chủ, sáng tạo, vừa theo chủ nghĩa Mác-Lênin, vừa dựa vào kinh nghiệm Việt Nam và trải qua quá trình tìm tòi, thử nghiệm."
8009,Giai đoạn 1954 -1975,Kết luận giai đoạn 1954 - 1975,"V ề cách mạng miền Nam Việt Nam, nêu cao tinh thần độc lập, tự chủ, sáng tạo vừa tuân theo những nguyên lý cùa chủ nghĩa Mác - Lênin, vừa dựa vào kinh nghiệm và thực tiễn của Việt Nam và cũng phải trải qua một quá trình tìm tòi, thử nghiệm, Đảng Cộng sản Việt Nam mới hoàn chinh đường lối, phương pháp cách mạng miền Nam mà Nghị quyết 15 (năm 1959) cùa Bail Chấp hành Trung ương là sự thể hiện tập trung nhất. Nghị quyết 15 của Ban Chấp hành Trung ương đã đánh dấu một mốc quan trọng và có ý nghĩa vô cùng lớn lao trong sự phát triển của cách mạng miền Nam và tạo nên một sự chuyển biến căn bản và nhảy vọt của phong trào cách mạng miền Nam trong những năm 1954-1960, mà đinh cao là phong trào Đồng Khởi.",Văn kiện nào thể hiện tập trung đường lối cách mạng miền Nam?,Nghị quyết 15 (năm 1959) cùa Bail Chấp hành Trung ương.,Nghị quyết 15 (năm 1959) của Ban Chấp hành Trung ương.
8010,Giai đoạn 1954 -1975,Kết luận giai đoạn 1954 - 1975,"V ề cách mạng miền Nam Việt Nam, nêu cao tinh thần độc lập, tự chủ, sáng tạo vừa tuân theo những nguyên lý cùa chủ nghĩa Mác - Lênin, vừa dựa vào kinh nghiệm và thực tiễn của Việt Nam và cũng phải trải qua một quá trình tìm tòi, thử nghiệm, Đảng Cộng sản Việt Nam mới hoàn chinh đường lối, phương pháp cách mạng miền Nam mà Nghị quyết 15 (năm 1959) cùa Bail Chấp hành Trung ương là sự thể hiện tập trung nhất. Nghị quyết 15 của Ban Chấp hành Trung ương đã đánh dấu một mốc quan trọng và có ý nghĩa vô cùng lớn lao trong sự phát triển của cách mạng miền Nam và tạo nên một sự chuyển biến căn bản và nhảy vọt của phong trào cách mạng miền Nam trong những năm 1954-1960, mà đinh cao là phong trào Đồng Khởi.",Ý nghĩa của Nghị quyết 15 đối với cách mạng miền Nam?,"Đánh dấu một mốc quan trọng và có ý nghĩa vô cùng lớn lao trong sự phát triển của cách mạng miền Nam và tạo nên một sự chuyển biến căn bản và nhảy vọt của phong trào cách mạng miền Nam trong những năm 1954-1960, mà đinh cao là phong trào Đồng Khởi.","Đánh dấu mốc quan trọng, tạo chuyển biến căn bản và nhảy vọt cho phong trào cách mạng miền Nam, đỉnh cao là phong trào Đồng Khởi."
8011,Giai đoạn 1954 -1975,Kết luận giai đoạn 1954 - 1975,"Từ năm 1961, cách mạng miền Nam từ khởi nghĩa từng phần chuyển thành chiến tranh cách mạng. Trong quá tìn h lãnh đạo, chi đạo chiến tranh cách mạng ở miền Nam, Đảng Cộng sản Việt Nam cũng đã luôn luôn phải đương đầu với những thách thức to lớn trước những chiến lược, chiến thuật khác nhau cùa 5 đời Tổng thống Mỹ kế tiếp nhau. Trong cuộc chiến tranh xâm lược Việt Nam, Mỹ vừa đánh vừa dò, vừa thí nghiệm các chiến lược, chiến thuật và tiến hành một cuộc chiến tranh leo từng bước chưa có tiền lệ trong lịch sử.",Sự thay đổi của cách mạng miền Nam từ năm 1961?,Từ khởi nghĩa từng phần chuyển thành chiến tranh cách mạng.,Chuyển từ khởi nghĩa từng phần sang chiến tranh cách mạng.
8012,Giai đoạn 1954 -1975,Kết luận giai đoạn 1954 - 1975,"Từ năm 1961, cách mạng miền Nam từ khởi nghĩa từng phần chuyển thành chiến tranh cách mạng. Trong quá tìn h lãnh đạo, chi đạo chiến tranh cách mạng ở miền Nam, Đảng Cộng sản Việt Nam cũng đã luôn luôn phải đương đầu với những thách thức to lớn trước những chiến lược, chiến thuật khác nhau cùa 5 đời Tổng thống Mỹ kế tiếp nhau. Trong cuộc chiến tranh xâm lược Việt Nam, Mỹ vừa đánh vừa dò, vừa thí nghiệm các chiến lược, chiến thuật và tiến hành một cuộc chiến tranh leo từng bước chưa có tiền lệ trong lịch sử.",Những thách thức mà Đảng phải đối mặt trong lãnh đạo cách mạng miền Nam?,"Những thách thức to lớn trước những chiến lược, chiến thuật khác nhau cùa 5 đời Tổng thống Mỹ kế tiếp nhau.","Đối đầu với nhiều chiến lược, chiến thuật khác nhau của 5 đời Tổng thống Mỹ."
8013,Giai đoạn 1954 -1975,Kết luận giai đoạn 1954 - 1975,"Từ năm 1961, cách mạng miền Nam từ khởi nghĩa từng phần chuyển thành chiến tranh cách mạng. Trong quá tìn h lãnh đạo, chi đạo chiến tranh cách mạng ở miền Nam, Đảng Cộng sản Việt Nam cũng đã luôn luôn phải đương đầu với những thách thức to lớn trước những chiến lược, chiến thuật khác nhau cùa 5 đời Tổng thống Mỹ kế tiếp nhau. Trong cuộc chiến tranh xâm lược Việt Nam, Mỹ vừa đánh vừa dò, vừa thí nghiệm các chiến lược, chiến thuật và tiến hành một cuộc chiến tranh leo từng bước chưa có tiền lệ trong lịch sử.",Đặc điểm chiến tranh của Mỹ ở Việt Nam?,"Vừa đánh vừa dò, vừa thí nghiệm các chiến lược, chiến thuật và tiến hành một cuộc chiến tranh leo từng bước chưa có tiền lệ trong lịch sử.","Vừa đánh vừa thăm dò, thí nghiệm chiến lược, chiến thuật và tiến hành chiến tranh leo thang chưa từng có."
8014,Giai đoạn 1954 -1975,Kết luận giai đoạn 1954 - 1975,"Trong tình hình đó, việc đánh giá đúng đế quốc M ỹ không phải là điều đơn giản. Nêu cao tinh thần độc lập, tự chủ, sáng tạo và thông qua thực tiễn chiến đấu và những diễn biến cụ thể của cuộc đọ sức trên chiến trường. Đảng Cộng sản Việt Nam đánh giá đúng âm mưu cơ bản cùa Mỹ, đánh giá đúng tương quan lực lượng so sánh giữa ta và địch trong từng giai đoạn của cuộc kháng chiến, nhất là trong những bước ngoặt lịch sử. Từ đó, Đảng đã có những quyết định đúng đắn, sáng tạo về chi đạo chiến lược, về phương pháp cách mạng và phương thức tiến hành chiến tranh, nhằm đánh bại từng chiến lược chiến tranh phản cách mạng của Mỹ (chiến lược chiến tranh đặc biệt , chiến lược chiến tranh cục bộ”, chiến lược Việt Nam hóa chiến tranh ) và tiến lên đánh thắng hoàn toàn đế quốc Mỹ trong cuộc Tổng tiến công và nổi dậy mùa Xuân 1975. Đây là một thành công nổi bật về chỉ đạo chiến lược cùa Đảng.",Cơ sở để Đảng đánh giá đúng về đế quốc Mỹ?,"Nêu cao tinh thần độc lập, tự chủ, sáng tạo và thông qua thực tiễn chiến đấu và những diễn biến cụ thể của cuộc đọ sức trên chiến trường.","Dựa trên tinh thần độc lập, tự chủ, sáng tạo và thực tiễn chiến đấu trên chiến trường."
8015,Giai đoạn 1954 -1975,Kết luận giai đoạn 1954 - 1975,"Trong tình hình đó, việc đánh giá đúng đế quốc M ỹ không phải là điều đơn giản. Nêu cao tinh thần độc lập, tự chủ, sáng tạo và thông qua thực tiễn chiến đấu và những diễn biến cụ thể của cuộc đọ sức trên chiến trường. Đảng Cộng sản Việt Nam đánh giá đúng âm mưu cơ bản cùa Mỹ, đánh giá đúng tương quan lực lượng so sánh giữa ta và địch trong từng giai đoạn của cuộc kháng chiến, nhất là trong những bước ngoặt lịch sử. Từ đó, Đảng đã có những quyết định đúng đắn, sáng tạo về chi đạo chiến lược, về phương pháp cách mạng và phương thức tiến hành chiến tranh, nhằm đánh bại từng chiến lược chiến tranh phản cách mạng của Mỹ (chiến lược chiến tranh đặc biệt , chiến lược chiến tranh cục bộ”, chiến lược Việt Nam hóa chiến tranh ) và tiến lên đánh thắng hoàn toàn đế quốc Mỹ trong cuộc Tổng tiến công và nổi dậy mùa Xuân 1975. Đây là một thành công nổi bật về chỉ đạo chiến lược cùa Đảng.",Đảng đã đánh giá đúng những yếu tố nào?,"Âm mưu cơ bản cùa Mỹ, tương quan lực lượng so sánh giữa ta và địch trong từng giai đoạn của cuộc kháng chiến, nhất là trong những bước ngoặt lịch sử.","Âm mưu cơ bản của Mỹ và tương quan lực lượng giữa ta và địch trong từng giai đoạn, đặc biệt là các bước ngoặt lịch sử."
8016,Giai đoạn 1954 -1975,Kết luận giai đoạn 1954 - 1975,"Trong tình hình đó, việc đánh giá đúng đế quốc M ỹ không phải là điều đơn giản. Nêu cao tinh thần độc lập, tự chủ, sáng tạo và thông qua thực tiễn chiến đấu và những diễn biến cụ thể của cuộc đọ sức trên chiến trường. Đảng Cộng sản Việt Nam đánh giá đúng âm mưu cơ bản cùa Mỹ, đánh giá đúng tương quan lực lượng so sánh giữa ta và địch trong từng giai đoạn của cuộc kháng chiến, nhất là trong những bước ngoặt lịch sử. Từ đó, Đảng đã có những quyết định đúng đắn, sáng tạo về chi đạo chiến lược, về phương pháp cách mạng và phương thức tiến hành chiến tranh, nhằm đánh bại từng chiến lược chiến tranh phản cách mạng của Mỹ (chiến lược chiến tranh đặc biệt , chiến lược chiến tranh cục bộ”, chiến lược Việt Nam hóa chiến tranh ) và tiến lên đánh thắng hoàn toàn đế quốc Mỹ trong cuộc Tổng tiến công và nổi dậy mùa Xuân 1975. Đây là một thành công nổi bật về chỉ đạo chiến lược cùa Đảng.",Kết quả của việc đánh giá đúng tình hình?,"Có những quyết định đúng đắn, sáng tạo về chi đạo chiến lược, về phương pháp cách mạng và phương thức tiến hành chiến tranh, nhằm đánh bại từng chiến lược chiến tranh phản cách mạng của Mỹ và tiến lên đánh thắng hoàn toàn đế quốc Mỹ.","Đưa ra những quyết định đúng đắn, sáng tạo về chỉ đạo chiến lược, phương pháp cách mạng và phương thức tiến hành chiến tranh, đánh bại từng chiến lược của Mỹ và giành thắng lợi hoàn toàn."
8017,Giai đoạn 1954 -1975,Kết luận giai đoạn 1954 - 1975,"Trong tình hình đó, việc đánh giá đúng đế quốc M ỹ không phải là điều đơn giản. Nêu cao tinh thần độc lập, tự chủ, sáng tạo và thông qua thực tiễn chiến đấu và những diễn biến cụ thể của cuộc đọ sức trên chiến trường. Đảng Cộng sản Việt Nam đánh giá đúng âm mưu cơ bản cùa Mỹ, đánh giá đúng tương quan lực lượng so sánh giữa ta và địch trong từng giai đoạn của cuộc kháng chiến, nhất là trong những bước ngoặt lịch sử. Từ đó, Đảng đã có những quyết định đúng đắn, sáng tạo về chi đạo chiến lược, về phương pháp cách mạng và phương thức tiến hành chiến tranh, nhằm đánh bại từng chiến lược chiến tranh phản cách mạng của Mỹ (chiến lược chiến tranh đặc biệt , chiến lược chiến tranh cục bộ”, chiến lược Việt Nam hóa chiến tranh ) và tiến lên đánh thắng hoàn toàn đế quốc Mỹ trong cuộc Tổng tiến công và nổi dậy mùa Xuân 1975. Đây là một thành công nổi bật về chỉ đạo chiến lược cùa Đảng.",Thành công nổi bật về chỉ đạo chiến lược của Đảng?,Đánh bại từng chiến lược chiến tranh phản cách mạng của Mỹ và tiến lên đánh thắng hoàn toàn đế quốc Mỹ trong cuộc Tổng tiến công và nổi dậy mùa Xuân 1975.,Đánh bại các chiến lược phản cách mạng của Mỹ và giành thắng lợi hoàn toàn trong Tổng tiến công và nổi dậy mùa Xuân 1975.
8018,Giai đoạn 1954 -1975,Kết luận giai đoạn 1954 - 1975,"Sức mạnh của cuộc kháng chiến chống Mỹ, cứu nước của nhân dân Việt Nam còn bắt nguồn từ sự đoàn kết giữa ba dân tộc Việt Nam - Lào - Campuchia và đoàn kết quốc tế.","Ngoài yếu tố trong nước, sức mạnh kháng chiến còn đến từ đâu?",Sự đoàn kết giữa ba dân tộc Việt Nam - Lào - Campuchia và đoàn kết quốc tế.,Sự đoàn kết giữa ba dân tộc Việt Nam - Lào - Campuchia và sự ủng hộ quốc tế.
8019,Giai đoạn 1954 -1975,Kết luận giai đoạn 1954 - 1975,"Ba dân tộc Việt Nam - Lào - C am puchia vốn có truyền thống đoàn kết chống kẻ thù chung. Trải qua 30 năm đoàn kết chiến đấu chống thực dân Pháp và chống đế quốc Mỹ, khối liên minh đoàn kết giữa ba dân tộc Việt Nam - Lào - Campuchia không ngừng được cùng cố và phát triển. Trong cuộc kháng chiến chống Mỹ, cứu nước, Đông Dương là một chiến trường, trong đó miền Nam Việt Nam là chiến trường chính, miền Bắc Việt Nam là hậu phương của cả chiến trường Đông Dương. Trong tình hình đó, nắm vững Đông Dương là một chiến trường, Đảng Cộng sản Việt Nam đã không ngừng phát huy sức mạnh đoàn kết chiến đấu giữa ba dân tộc Việt Nam - Lào - Campuchia, nhằm đánh thắng đế quốc Mỹ xâm lược.",Truyền thống đoàn kết của ba dân tộc Đông Dương?,Đoàn kết chống kẻ thù chung.,Đoàn kết chống kẻ thù chung.
8020,Giai đoạn 1954 -1975,Kết luận giai đoạn 1954 - 1975,"Ba dân tộc Việt Nam - Lào - C am puchia vốn có truyền thống đoàn kết chống kẻ thù chung. Trải qua 30 năm đoàn kết chiến đấu chống thực dân Pháp và chống đế quốc Mỹ, khối liên minh đoàn kết giữa ba dân tộc Việt Nam - Lào - Campuchia không ngừng được cùng cố và phát triển. Trong cuộc kháng chiến chống Mỹ, cứu nước, Đông Dương là một chiến trường, trong đó miền Nam Việt Nam là chiến trường chính, miền Bắc Việt Nam là hậu phương của cả chiến trường Đông Dương. Trong tình hình đó, nắm vững Đông Dương là một chiến trường, Đảng Cộng sản Việt Nam đã không ngừng phát huy sức mạnh đoàn kết chiến đấu giữa ba dân tộc Việt Nam - Lào - Campuchia, nhằm đánh thắng đế quốc Mỹ xâm lược.",Sự phát triển của khối đoàn kết ba dân tộc qua các giai đoạn?,Không ngừng được cùng cố và phát triển.,Không ngừng được củng cố và phát triển.
8021,Giai đoạn 1954 -1975,Kết luận giai đoạn 1954 - 1975,"Ba dân tộc Việt Nam - Lào - C am puchia vốn có truyền thống đoàn kết chống kẻ thù chung. Trải qua 30 năm đoàn kết chiến đấu chống thực dân Pháp và chống đế quốc Mỹ, khối liên minh đoàn kết giữa ba dân tộc Việt Nam - Lào - Campuchia không ngừng được cùng cố và phát triển. Trong cuộc kháng chiến chống Mỹ, cứu nước, Đông Dương là một chiến trường, trong đó miền Nam Việt Nam là chiến trường chính, miền Bắc Việt Nam là hậu phương của cả chiến trường Đông Dương. Trong tình hình đó, nắm vững Đông Dương là một chiến trường, Đảng Cộng sản Việt Nam đã không ngừng phát huy sức mạnh đoàn kết chiến đấu giữa ba dân tộc Việt Nam - Lào - Campuchia, nhằm đánh thắng đế quốc Mỹ xâm lược.",Vai trò của Đông Dương trong kháng chiến chống Mỹ?,"Một chiến trường, trong đó miền Nam Việt Nam là chiến trường chính, miền Bắc Việt Nam là hậu phương của cả chiến trường Đông Dương.","Một chiến trường thống nhất, miền Nam là chiến trường chính, miền Bắc là hậu phương chung."
8022,Giai đoạn 1954 -1975,Kết luận giai đoạn 1954 - 1975,"Ba dân tộc Việt Nam - Lào - C am puchia vốn có truyền thống đoàn kết chống kẻ thù chung. Trải qua 30 năm đoàn kết chiến đấu chống thực dân Pháp và chống đế quốc Mỹ, khối liên minh đoàn kết giữa ba dân tộc Việt Nam - Lào - Campuchia không ngừng được cùng cố và phát triển. Trong cuộc kháng chiến chống Mỹ, cứu nước, Đông Dương là một chiến trường, trong đó miền Nam Việt Nam là chiến trường chính, miền Bắc Việt Nam là hậu phương của cả chiến trường Đông Dương. Trong tình hình đó, nắm vững Đông Dương là một chiến trường, Đảng Cộng sản Việt Nam đã không ngừng phát huy sức mạnh đoàn kết chiến đấu giữa ba dân tộc Việt Nam - Lào - Campuchia, nhằm đánh thắng đế quốc Mỹ xâm lược.",Chủ trương của Đảng về đoàn kết ba dân tộc?,"Không ngừng phát huy sức mạnh đoàn kết chiến đấu giữa ba dân tộc Việt Nam - Lào - Campuchia, nhằm đánh thắng đế quốc Mỹ xâm lược.",Không ngừng phát huy sức mạnh đoàn kết chiến đấu giữa ba dân tộc để đánh thắng Mỹ.
8023,Giai đoạn 1954 -1975,Kết luận giai đoạn 1954 - 1975,"Cuộc kháng chiến chống Mỹ, cứu nước của nhân dân Việt Nam diễn ra trong một bối cảnh quốc tế có nhiều thuận lợi, nhưng cũng có nhiều khó khăn, phức tạp. Sự bất hòa ngày càng sâu sác diễn ra trong phong trào cộng sản quốc tế, trong các nước xã hội chủ nghĩa, nhất là giữa Liên Xô và Trung Quốc. Lợi dụng mẫu thuẫn giữa Liên Xô và Trung Quốc, cũng như quyền lợi riêng của từng quốc gia này, Mỹ ra sức hoạt động nhằm tìm mọi cách cô lập nhằm đè bẹp cuộc kháng chiến của nhân dân Việt Nam. Trong tình hình đó, với đường lối kháng chiến và đường lối đối ngoại đúng đấn, sáng tạo, Đảng Cộng sản Việt Nam đã tranh thù được sự đồng tình, ủng hộ của cả Liên Xô và Trung Quốc, của các nước xã hội chù nghĩa, các nước yêu chuộng hòa bình trên thế giới, trong đó có cả nhân dân Mỹ. Trên thực tế, một mặt trận rộng lớn của nhân dân thế giới đoàn két với Việt Nam và ùng hộ nhân dân Việt Nam chong Mỹ xâm lược đã hình thành và phát triển.",Bối cảnh quốc tế của cuộc kháng chiến chống Mỹ?,"Có nhiều thuận lợi, nhưng cũng có nhiều khó khăn, phức tạp. Sự bất hòa ngày càng sâu sác diễn ra trong phong trào cộng sản quốc tế, trong các nước xã hội chủ nghĩa, nhất là giữa Liên Xô và Trung Quốc.","Vừa có thuận lợi vừa có khó khăn, phức tạp do sự bất hòa trong phong trào cộng sản quốc tế, đặc biệt là giữa Liên Xô và Trung Quốc."
8024,Giai đoạn 1954 -1975,Kết luận giai đoạn 1954 - 1975,"Cuộc kháng chiến chống Mỹ, cứu nước của nhân dân Việt Nam diễn ra trong một bối cảnh quốc tế có nhiều thuận lợi, nhưng cũng có nhiều khó khăn, phức tạp. Sự bất hòa ngày càng sâu sác diễn ra trong phong trào cộng sản quốc tế, trong các nước xã hội chủ nghĩa, nhất là giữa Liên Xô và Trung Quốc. Lợi dụng mẫu thuẫn giữa Liên Xô và Trung Quốc, cũng như quyền lợi riêng của từng quốc gia này, Mỹ ra sức hoạt động nhằm tìm mọi cách cô lập nhằm đè bẹp cuộc kháng chiến của nhân dân Việt Nam. Trong tình hình đó, với đường lối kháng chiến và đường lối đối ngoại đúng đấn, sáng tạo, Đảng Cộng sản Việt Nam đã tranh thù được sự đồng tình, ủng hộ của cả Liên Xô và Trung Quốc, của các nước xã hội chù nghĩa, các nước yêu chuộng hòa bình trên thế giới, trong đó có cả nhân dân Mỹ. Trên thực tế, một mặt trận rộng lớn của nhân dân thế giới đoàn két với Việt Nam và ùng hộ nhân dân Việt Nam chong Mỹ xâm lược đã hình thành và phát triển.",Âm mưu của Mỹ trong bối cảnh quốc tế đó?,Tìm mọi cách cô lập nhằm đè bẹp cuộc kháng chiến của nhân dân Việt Nam.,Tìm mọi cách cô lập và đàn áp cuộc kháng chiến của Việt Nam.
8025,Giai đoạn 1954 -1975,Kết luận giai đoạn 1954 - 1975,"Cuộc kháng chiến chống Mỹ, cứu nước của nhân dân Việt Nam diễn ra trong một bối cảnh quốc tế có nhiều thuận lợi, nhưng cũng có nhiều khó khăn, phức tạp. Sự bất hòa ngày càng sâu sác diễn ra trong phong trào cộng sản quốc tế, trong các nước xã hội chủ nghĩa, nhất là giữa Liên Xô và Trung Quốc. Lợi dụng mẫu thuẫn giữa Liên Xô và Trung Quốc, cũng như quyền lợi riêng của từng quốc gia này, Mỹ ra sức hoạt động nhằm tìm mọi cách cô lập nhằm đè bẹp cuộc kháng chiến của nhân dân Việt Nam. Trong tình hình đó, với đường lối kháng chiến và đường lối đối ngoại đúng đấn, sáng tạo, Đảng Cộng sản Việt Nam đã tranh thù được sự đồng tình, ủng hộ của cả Liên Xô và Trung Quốc, của các nước xã hội chù nghĩa, các nước yêu chuộng hòa bình trên thế giới, trong đó có cả nhân dân Mỹ. Trên thực tế, một mặt trận rộng lớn của nhân dân thế giới đoàn két với Việt Nam và ùng hộ nhân dân Việt Nam chong Mỹ xâm lược đã hình thành và phát triển.",Đường lối của Đảng để tranh thủ sự ủng hộ quốc tế?,"Đường lối kháng chiến và đường lối đối ngoại đúng đấn, sáng tạo.","Đường lối kháng chiến và đối ngoại đúng đắn, sáng tạo."
8026,Giai đoạn 1954 -1975,Kết luận giai đoạn 1954 - 1975,"Cuộc kháng chiến chống Mỹ, cứu nước của nhân dân Việt Nam diễn ra trong một bối cảnh quốc tế có nhiều thuận lợi, nhưng cũng có nhiều khó khăn, phức tạp. Sự bất hòa ngày càng sâu sác diễn ra trong phong trào cộng sản quốc tế, trong các nước xã hội chủ nghĩa, nhất là giữa Liên Xô và Trung Quốc. Lợi dụng mẫu thuẫn giữa Liên Xô và Trung Quốc, cũng như quyền lợi riêng của từng quốc gia này, Mỹ ra sức hoạt động nhằm tìm mọi cách cô lập nhằm đè bẹp cuộc kháng chiến của nhân dân Việt Nam. Trong tình hình đó, với đường lối kháng chiến và đường lối đối ngoại đúng đấn, sáng tạo, Đảng Cộng sản Việt Nam đã tranh thù được sự đồng tình, ủng hộ của cả Liên Xô và Trung Quốc, của các nước xã hội chù nghĩa, các nước yêu chuộng hòa bình trên thế giới, trong đó có cả nhân dân Mỹ. Trên thực tế, một mặt trận rộng lớn của nhân dân thế giới đoàn két với Việt Nam và ùng hộ nhân dân Việt Nam chong Mỹ xâm lược đã hình thành và phát triển.",Sự ủng hộ quốc tế đối với Việt Nam?,"Sự đồng tình, ủng hộ của cả Liên Xô và Trung Quốc, của các nước xã hội chù nghĩa, các nước yêu chuộng hòa bình trên thế giới, trong đó có cả nhân dân Mỹ. Trên thực tế, một mặt trận rộng lớn của nhân dân thế giới đoàn két với Việt Nam và ùng hộ nhân dân Việt Nam chong Mỹ xâm lược đã hình thành và phát triển.","Nhận được sự đồng tình, ủng hộ của Liên Xô, Trung Quốc, các nước xã hội chủ nghĩa, các nước yêu chuộng hòa bình và cả nhân dân Mỹ, hình thành mặt trận đoàn kết quốc tế rộng lớn."
8027,Giai đoạn 1954 -1975,Kết luận giai đoạn 1954 - 1975,"Có đường lối chính trị, quân sự đúng đắn, sáng tạo, biết phát huy chủ nghĩa yêu nước truyền thống cả nước đánh giặc, tiến hành đồng thời hai nhiệm vụ chiến lược ờ hai miền đất nước, kết hợp với sức mạnh của hậu phương và tiền tuyến, sức mạnh dân tộc và thời đại, sức mạnh trong nước và quốc tế để tạo nên sức mạnh tổng hợp củ a cuộc kháng chiến chống M ỹ, cứ u nước đ án h thăng cuộc chicn tranh xâm lược của đế quốc Mỹ. Đó là thành công lớn và cũng là những bài học lớn từ trong quá trình Đảng Cộng sản Việt Nam lãnh đạo, chi đạo cuộc kháng chiến chống Mỹ, cứu nước.",Những yếu tố tạo nên sức mạnh tổng hợp của cuộc kháng chiến?,"Đường lối chính trị, quân sự đúng đắn, sáng tạo, biết phát huy chủ nghĩa yêu nước truyền thống cả nước đánh giặc, tiến hành đồng thời hai nhiệm vụ chiến lược ờ hai miền đất nước, kết hợp với sức mạnh của hậu phương và tiền tuyến, sức mạnh dân tộc và thời đại, sức mạnh trong nước và quốc tế.","Đường lối chính trị, quân sự đúng đắn, sáng tạo; phát huy chủ nghĩa yêu nước; thực hiện đồng thời hai nhiệm vụ chiến lược; kết hợp sức mạnh hậu phương, tiền tuyến, dân tộc, thời đại, trong nước và quốc tế."
8028,Giai đoạn 1954 -1975,Kết luận giai đoạn 1954 - 1975,"Có đường lối chính trị, quân sự đúng đắn, sáng tạo, biết phát huy chủ nghĩa yêu nước truyền thống cả nước đánh giặc, tiến hành đồng thời hai nhiệm vụ chiến lược ờ hai miền đất nước, kết hợp với sức mạnh của hậu phương và tiền tuyến, sức mạnh dân tộc và thời đại, sức mạnh trong nước và quốc tế để tạo nên sức mạnh tổng hợp củ a cuộc kháng chiến chống M ỹ, cứ u nước đ án h thăng cuộc chicn tranh xâm lược của đế quốc Mỹ. Đó là thành công lớn và cũng là những bài học lớn từ trong quá trình Đảng Cộng sản Việt Nam lãnh đạo, chi đạo cuộc kháng chiến chống Mỹ, cứu nước.",Ý nghĩa của những yếu tố đó?,"Để tạo nên sức mạnh tổng hợp của cuộc kháng chiến chống Mỹ, cứu nước đánh thắng cuộc chiến tranh xâm lược của đế quốc Mỹ. Đó là thành công lớn và cũng là những bài học lớn.","Tạo nên sức mạnh tổng hợp giúp đánh thắng Mỹ xâm lược, đó là thành công và bài học lớn."
8029,Giai đoạn 1954 -1975,Kết luận giai đoạn 1954 - 1975,"Thắng lợi của cuộc kháng chiến chống Mỹ, cứu nước là bản thiên anh hùng ca vĩ đại nhất trong lịch sử hàng nghìn năm dựng nước và giữ nước của nhân dân Việt Nam. Thắng lợi vĩ đại này đánh dấu bước ngoặt quyết định trong lịch sử dân tộc, đưa Tổ quốc Việt Nam bước vào kỷ nguyên mới, kỳ nguyên của độc lập tự do và chủ nghĩa xã hội.",Thắng lợi của cuộc kháng chiến chống Mỹ được ví như thế nào?,Bản thiên anh hùng ca vĩ đại nhất trong lịch sử hàng nghìn năm dựng nước và giữ nước của nhân dân Việt Nam.,Bản anh hùng ca vĩ đại nhất trong lịch sử hàng nghìn năm dựng nước và giữ nước của dân tộc.
8030,Giai đoạn 1954 -1975,Kết luận giai đoạn 1954 - 1975,"Thắng lợi của cuộc kháng chiến chống Mỹ, cứu nước là bản thiên anh hùng ca vĩ đại nhất trong lịch sử hàng nghìn năm dựng nước và giữ nước của nhân dân Việt Nam. Thắng lợi vĩ đại này đánh dấu bước ngoặt quyết định trong lịch sử dân tộc, đưa Tổ quốc Việt Nam bước vào kỷ nguyên mới, kỳ nguyên của độc lập tự do và chủ nghĩa xã hội.",Ý nghĩa của thắng lợi vĩ đại này?,"Đánh dấu bước ngoặt quyết định trong lịch sử dân tộc, đưa Tổ quốc Việt Nam bước vào kỷ nguyên mới, kỳ nguyên của độc lập tự do và chủ nghĩa xã hội.","Đánh dấu bước ngoặt quyết định trong lịch sử dân tộc, đưa Việt Nam vào kỷ nguyên độc lập, tự do và chủ nghĩa xã hội."
